username,password
adoption_citizen23yzlrM@gmail.com,Pa55word11
adoption_citizen12TuAGV@gmail.com,Pa55word11
adoption_citizen24fijhn@gmail.com,Pa55word11
adoption_citizen15eANAP@gmail.com,Pa55word11
adoption_citizen7toqxp@gmail.com,Pa55word11
adoption_citizen24WczXF@gmail.com,Pa55word11
adoption_citizen25xImnI@gmail.com,Pa55word11
adoption_citizen22PvHPT@gmail.com,Pa55word11
adoption_citizen21Kswme@gmail.com,Pa55word11
adoption_citizen26KUxgX@gmail.com,Pa55word11
adoption_citizen28jhDGx@gmail.com,Pa55word11
adoption_citizen11Oylaf@gmail.com,Pa55word11
adoption_citizen18dnFgM@gmail.com,Pa55word11
adoption_citizen4pYzTB@gmail.com,Pa55word11
adoption_citizen5GvDhs@gmail.com,Pa55word11
adoption_citizen2QFnsi@gmail.com,Pa55word11
adoption_citizen16VWfqw@gmail.com,Pa55word11
adoption_citizen11lhwrn@gmail.com,Pa55word11
adoption_citizen20PlzZL@gmail.com,Pa55word11
adoption_citizen23WRtbY@gmail.com,Pa55word11
adoption_citizen17LHcEw@gmail.com,Pa55word11
adoption_citizen5XLEfa@gmail.com,Pa55word11
adoption_citizen27hzQIi@gmail.com,Pa55word11
adoption_citizen3RKpfU@gmail.com,Pa55word11
adoption_citizen22oLQUK@gmail.com,Pa55word11
adoption_citizen22ZEjBb@gmail.com,Pa55word11
adoption_citizen8KYmVy@gmail.com,Pa55word11
adoption_citizen2ywrZf@gmail.com,Pa55word11
adoption_citizen9kZPBy@gmail.com,Pa55word11
adoption_citizen24ZLygo@gmail.com,Pa55word11
adoption_citizen10zFIfK@gmail.com,Pa55word11
adoption_citizen3QCbUv@gmail.com,Pa55word11
adoption_citizen5GqyiH@gmail.com,Pa55word11
adoption_citizen27TrcWF@gmail.com,Pa55word11
adoption_citizen24RcJxm@gmail.com,Pa55word11
adoption_citizen6yydWq@gmail.com,Pa55word11
adoption_citizen14yehdV@gmail.com,Pa55word11
adoption_citizen9ZhyqZ@gmail.com,Pa55word11
adoption_citizen5cZZqw@gmail.com,Pa55word11