placementOrderNumber,placementOrderCourt,placementOrderDate-day,placementOrderDate-month,placementOrderDate-year,placementOrderType
asdfg,asdfg,30,04,2021,qwert1
dwhjewb,asdfg1,28,05,2020,qwert2
ejfjfen,asdfg2,29,02,2019,qwert3
lodjdfn,asdfg3,20,08,2018,qwert4
lakdh,asdfg4,19,09,2017,qwert5
asdfga,asdfg12,01,04,2021,qwert6
dwhjewba,asdfg13,02,05,2020,qwert7
ejfjfean,asdfg24,21,02,2019,qwert8
lodjdjdfn,asdfg53,22,08,2018,qwert9
ladkdkdh,asdfg46,19,09,2017,qwert10
aseekjdfg,asdfg65,18,04,2021,qwert11
dwdjkdhjewb,asdfgh1,28,03,2020,qwert12
ejfddnjfen,asdfg2e,29,04,2019,qwert13
lodwlkdsjdfn,asdewfg3,20,09,2018,qwert14
laksddh,asdfgwe4,19,09,2017,qwert15
asdsdffg,asdfwewg,30,01,2021,qwert16
dwsdehjewb,asdfe34g1,28,09,2020,qwert17
ejsdffjfen,asd3fg2,29,10,2019,qwert18
lodsddsjdfn,asderfg3,20,11,2018,qwert19
lasddkdh,asd4re4fg4,19,12,2017,qwert20