SocialWorkerName,SocialWorkerPhoneNumber,SocialWorkerEmail,socialWorkerTeamEmail
John1,0123456889,JohnAdoption1@gmail.com,Team1@gmail.com
John2,0123458789,JohnAdoption2@gmail.com,Team2@gmail.com
John3,0123486789,JohnAdoption3@gmail.com,Team3@gmail.com
John4,0123856789,JohnAdoption4@gmail.com,Team4@gmail.com
John5,0128456789,JohnAdoption5@gmail.com,Team5@gmail.com
John6,0138456789,JohnAdoption6@gmail.com,Team6@gmail.com
John7,0128456389,JohnAdoption7@gmail.com,Team7@gmail.com
John8,0128456739,JohnAdoption8@gmail.com,Team8@gmail.com
John9,0128454789,JohnAdoption9@gmail.com,Team9@gmail.com
John10,0122456789,JohnAdoption10@gmail.com,Team10@gmail.com
John11,0118456789,JohnAdoption11@gmail.com,Team11@gmail.com
John12,0128456389,JohnAdoption12@gmail.com,Team12@gmail.com
John13,0128456769,JohnAdoption13@gmail.com,Team13@gmail.com
John14,0128456589,JohnAdoption14@gmail.com,Team14@gmail.com
John15,0124346789,JohnAdoption15@gmail.com,Team15@gmail.com
John16,0123456789,JohnAdoption16@gmail.com,Team16@gmail.com
John17,0128467789,JohnAdoption17@gmail.com,Team17@gmail.com
John18,0128456889,JohnAdoption18@gmail.com,Team18@gmail.com
John19,0128126789,JohnAdoption19@gmail.com,Team19@gmail.com
John20,0128451289,JohnAdoption20@gmail.com,Team20@gmail.com
John1,0123456889,JohnAdoption1@gmail.com,Team1@gmail.com
John2,0123458789,JohnAdoption2@gmail.com,Team2@gmail.com
John3,0123486789,JohnAdoption3@gmail.com,Team3@gmail.com
John4,0123856789,JohnAdoption4@gmail.com,Team4@gmail.com
John5,0128456789,JohnAdoption5@gmail.com,Team5@gmail.com
John6,0138456789,JohnAdoption6@gmail.com,Team6@gmail.com
John7,0128456389,JohnAdoption7@gmail.com,Team7@gmail.com
John8,0128456739,JohnAdoption8@gmail.com,Team8@gmail.com
John9,0128454789,JohnAdoption9@gmail.com,Team9@gmail.com
John10,0122456789,JohnAdoption10@gmail.com,Team10@gmail.com