agencyName,agencyNumber,agencyContactName,agencyEmail
Adoption Agency 1,0123456779,Jack1,adoption1@gmail.com
Adoption Agency 2,0123456889,Jack2,adoption2@gmail.com
Adoption Agency 3,0123466789,Jack3,adoption3@gmail.com
Adoption Agency 4,0125456789,Jack4,adoption4@gmail.com
Adoption Agency 5,0124456789,Jack5,adoption5@gmail.com
Adoption Agency 6,0123466779,Jack6,adoption6@gmail.com
Adoption Agency 7,0125456889,Jack7,adoption7@gmail.com
Adoption Agency 8,0124466789,Jack8,adoption8@gmail.com
Adoption Agency 9,0125455789,Jack9,adoption9@gmail.com
Adoption Agency 10,0124453789,Jack10,adoption10@gmail.com
Adoption Agency 11,0123456279,Jack11,adoption11@gmail.com
Adoption Agency 12,0123156889,Jack12,adoption12@gmail.com
Adoption Agency 13,0143466789,Jack13,adoption13@gmail.com
Adoption Agency 14,0125456589,Jack14,adoption14@gmail.com
Adoption Agency 15,0124456736,Jack15,adoption15@gmail.com
Adoption Agency 16,0123453779,Jack16,adoption16@gmail.com
Adoption Agency 17,0123256889,Jack17,adoption17@gmail.com
Adoption Agency 18,0113466789,Jack18,adoption18@gmail.com
Adoption Agency 19,0625456749,Jack19,adoption19@gmail.com
Adoption Agency 20,0724454789,Jack20,adoption20@gmail.com
Adoption Agency 1,0123456779,Jack1,adoption31@gmail.com
Adoption Agency 2,0123456889,Jack2,adoption32@gmail.com
Adoption Agency 3,0123466789,Jack3,adoption33@gmail.com
Adoption Agency 4,0125456789,Jack4,adoption34@gmail.com
Adoption Agency 5,0124456789,Jack5,adoption35@gmail.com
Adoption Agency 6,0123466779,Jack6,adoption36@gmail.com
Adoption Agency 7,0125456889,Jack7,adoption37@gmail.com
Adoption Agency 8,0124466789,Jack8,adoption38@gmail.com
Adoption Agency 9,0125455789,Jack9,adoption39@gmail.com
Adoption Agency 10,0124453789,Jack10,adoption310@gmail.com